old_name,new_name,promportal_url,raw_url,collision_resolved
"Вал 1н983.20.294  .jpg","val_1n983.20.294.jpg","https://cdn.jsdelivr.net/gh/411231185-cmd/Foto-RSS@main/Foto-Directus-Watermark/val_1n983.20.294.jpg","https://raw.githubusercontent.com/411231185-cmd/Foto-RSS/main/Foto-Directus-Watermark/val_1n983.20.294.jpg",""
"Вал 1н983.20.294 .jpg","val_1n983.20.294_2.jpg","https://cdn.jsdelivr.net/gh/411231185-cmd/Foto-RSS@main/Foto-Directus-Watermark/val_1n983.20.294_2.jpg","https://raw.githubusercontent.com/411231185-cmd/Foto-RSS/main/Foto-Directus-Watermark/val_1n983.20.294_2.jpg","Yes"
"Вал 1н983.20.294.jpg","val_1n983.20.294_3.jpg","https://cdn.jsdelivr.net/gh/411231185-cmd/Foto-RSS@main/Foto-Directus-Watermark/val_1n983.20.294_3.jpg","https://raw.githubusercontent.com/411231185-cmd/Foto-RSS/main/Foto-Directus-Watermark/val_1n983.20.294_3.jpg","Yes"
"Вал зажима разжима кулачков - 1Н983.20.292     .jpg","val_zazhima_razzhima_kulachkov_-_1n983.20.292.jpg","https://cdn.jsdelivr.net/gh/411231185-cmd/Foto-RSS@main/Foto-Directus-Watermark/val_zazhima_razzhima_kulachkov_-_1n983.20.292.jpg","https://raw.githubusercontent.com/411231185-cmd/Foto-RSS/main/Foto-Directus-Watermark/val_zazhima_razzhima_kulachkov_-_1n983.20.292.jpg",""
"Вал зажима разжима кулачков - 1Н983.20.292    .jpg","val_zazhima_razzhima_kulachkov_-_1n983.20.292_2.jpg","https://cdn.jsdelivr.net/gh/411231185-cmd/Foto-RSS@main/Foto-Directus-Watermark/val_zazhima_razzhima_kulachkov_-_1n983.20.292_2.jpg","https://raw.githubusercontent.com/411231185-cmd/Foto-RSS/main/Foto-Directus-Watermark/val_zazhima_razzhima_kulachkov_-_1n983.20.292_2.jpg","Yes"
"Вал зажима разжима кулачков - 1Н983.20.292   .jpg","val_zazhima_razzhima_kulachkov_-_1n983.20.292_3.jpg","https://cdn.jsdelivr.net/gh/411231185-cmd/Foto-RSS@main/Foto-Directus-Watermark/val_zazhima_razzhima_kulachkov_-_1n983.20.292_3.jpg","https://raw.githubusercontent.com/411231185-cmd/Foto-RSS/main/Foto-Directus-Watermark/val_zazhima_razzhima_kulachkov_-_1n983.20.292_3.jpg","Yes"
"Вал зажима разжима кулачков - 1Н983.20.292  .jpg","val_zazhima_razzhima_kulachkov_-_1n983.20.292_4.jpg","https://cdn.jsdelivr.net/gh/411231185-cmd/Foto-RSS@main/Foto-Directus-Watermark/val_zazhima_razzhima_kulachkov_-_1n983.20.292_4.jpg","https://raw.githubusercontent.com/411231185-cmd/Foto-RSS/main/Foto-Directus-Watermark/val_zazhima_razzhima_kulachkov_-_1n983.20.292_4.jpg","Yes"
"Вал зажима разжима кулачков - 1Н983.20.292 .jpg","val_zazhima_razzhima_kulachkov_-_1n983.20.292_5.jpg","https://cdn.jsdelivr.net/gh/411231185-cmd/Foto-RSS@main/Foto-Directus-Watermark/val_zazhima_razzhima_kulachkov_-_1n983.20.292_5.jpg","https://raw.githubusercontent.com/411231185-cmd/Foto-RSS/main/Foto-Directus-Watermark/val_zazhima_razzhima_kulachkov_-_1n983.20.292_5.jpg","Yes"
"Вал зажима разжима кулачков - 1Н983.20.292.jpg","val_zazhima_razzhima_kulachkov_-_1n983.20.292_6.jpg","https://cdn.jsdelivr.net/gh/411231185-cmd/Foto-RSS@main/Foto-Directus-Watermark/val_zazhima_razzhima_kulachkov_-_1n983.20.292_6.jpg","https://raw.githubusercontent.com/411231185-cmd/Foto-RSS/main/Foto-Directus-Watermark/val_zazhima_razzhima_kulachkov_-_1n983.20.292_6.jpg","Yes"
"Валы шпиндельной бабки  .jpg","valy_shpindelnoy_babki.jpg","https://cdn.jsdelivr.net/gh/411231185-cmd/Foto-RSS@main/Foto-Directus-Watermark/valy_shpindelnoy_babki.jpg","https://raw.githubusercontent.com/411231185-cmd/Foto-RSS/main/Foto-Directus-Watermark/valy_shpindelnoy_babki.jpg",""
"Валы шпиндельной бабки .jpg","valy_shpindelnoy_babki_2.jpg","https://cdn.jsdelivr.net/gh/411231185-cmd/Foto-RSS@main/Foto-Directus-Watermark/valy_shpindelnoy_babki_2.jpg","https://raw.githubusercontent.com/411231185-cmd/Foto-RSS/main/Foto-Directus-Watermark/valy_shpindelnoy_babki_2.jpg","Yes"
"Валы шпиндельной бабки.jpg","valy_shpindelnoy_babki_3.jpg","https://cdn.jsdelivr.net/gh/411231185-cmd/Foto-RSS@main/Foto-Directus-Watermark/valy_shpindelnoy_babki_3.jpg","https://raw.githubusercontent.com/411231185-cmd/Foto-RSS/main/Foto-Directus-Watermark/valy_shpindelnoy_babki_3.jpg","Yes"
"Венец зубчатый - 1н983.90.154.jpg","venets_zubchatyy_-_1n983.90.154.jpg","https://cdn.jsdelivr.net/gh/411231185-cmd/Foto-RSS@main/Foto-Directus-Watermark/venets_zubchatyy_-_1n983.90.154.jpg","https://raw.githubusercontent.com/411231185-cmd/Foto-RSS/main/Foto-Directus-Watermark/venets_zubchatyy_-_1n983.90.154.jpg",""
"Венец зубчатый -1н983.90.154 .jpg","venets_zubchatyy_-1n983.90.154.jpg","https://cdn.jsdelivr.net/gh/411231185-cmd/Foto-RSS@main/Foto-Directus-Watermark/venets_zubchatyy_-1n983.90.154.jpg","https://raw.githubusercontent.com/411231185-cmd/Foto-RSS/main/Foto-Directus-Watermark/venets_zubchatyy_-1n983.90.154.jpg",""
"Венец зубчатый -1н983.90.154.jpg","venets_zubchatyy_-1n983.90.154_2.jpg","https://cdn.jsdelivr.net/gh/411231185-cmd/Foto-RSS@main/Foto-Directus-Watermark/venets_zubchatyy_-1n983.90.154_2.jpg","https://raw.githubusercontent.com/411231185-cmd/Foto-RSS/main/Foto-Directus-Watermark/venets_zubchatyy_-1n983.90.154_2.jpg","Yes"
"Венец зубчатый 1н983.90.154.jpg","venets_zubchatyy_1n983.90.154.jpg","https://cdn.jsdelivr.net/gh/411231185-cmd/Foto-RSS@main/Foto-Directus-Watermark/venets_zubchatyy_1n983.90.154.jpg","https://raw.githubusercontent.com/411231185-cmd/Foto-RSS/main/Foto-Directus-Watermark/venets_zubchatyy_1n983.90.154.jpg",""
"Верхний суппорт 1Н983.40.030 .jpg","verkhniy_support_1n983.40.030.jpg","https://cdn.jsdelivr.net/gh/411231185-cmd/Foto-RSS@main/Foto-Directus-Watermark/verkhniy_support_1n983.40.030.jpg","https://raw.githubusercontent.com/411231185-cmd/Foto-RSS/main/Foto-Directus-Watermark/verkhniy_support_1n983.40.030.jpg",""
"Верхний суппорт 1Н983.40.030.jpg","verkhniy_support_1n983.40.030_2.jpg","https://cdn.jsdelivr.net/gh/411231185-cmd/Foto-RSS@main/Foto-Directus-Watermark/verkhniy_support_1n983.40.030_2.jpg","https://raw.githubusercontent.com/411231185-cmd/Foto-RSS/main/Foto-Directus-Watermark/verkhniy_support_1n983.40.030_2.jpg","Yes"
"Вилка 1М63.21.030   .jpg","vilka_1m63.21.030.jpg","https://cdn.jsdelivr.net/gh/411231185-cmd/Foto-RSS@main/Foto-Directus-Watermark/vilka_1m63.21.030.jpg","https://raw.githubusercontent.com/411231185-cmd/Foto-RSS/main/Foto-Directus-Watermark/vilka_1m63.21.030.jpg",""
"Вилка 1М63.21.030  .jpg","vilka_1m63.21.030_2.jpg","https://cdn.jsdelivr.net/gh/411231185-cmd/Foto-RSS@main/Foto-Directus-Watermark/vilka_1m63.21.030_2.jpg","https://raw.githubusercontent.com/411231185-cmd/Foto-RSS/main/Foto-Directus-Watermark/vilka_1m63.21.030_2.jpg","Yes"
"Вилка 1М63.21.030 .jpg","vilka_1m63.21.030_3.jpg","https://cdn.jsdelivr.net/gh/411231185-cmd/Foto-RSS@main/Foto-Directus-Watermark/vilka_1m63.21.030_3.jpg","https://raw.githubusercontent.com/411231185-cmd/Foto-RSS/main/Foto-Directus-Watermark/vilka_1m63.21.030_3.jpg","Yes"
"Вилка 1М63.21.030.jpg","vilka_1m63.21.030_4.jpg","https://cdn.jsdelivr.net/gh/411231185-cmd/Foto-RSS@main/Foto-Directus-Watermark/vilka_1m63.21.030_4.jpg","https://raw.githubusercontent.com/411231185-cmd/Foto-RSS/main/Foto-Directus-Watermark/vilka_1m63.21.030_4.jpg","Yes"
"Винт кареточный - 1н983.50.207   .jpg","vint_karetochnyy_-_1n983.50.207.jpg","https://cdn.jsdelivr.net/gh/411231185-cmd/Foto-RSS@main/Foto-Directus-Watermark/vint_karetochnyy_-_1n983.50.207.jpg","https://raw.githubusercontent.com/411231185-cmd/Foto-RSS/main/Foto-Directus-Watermark/vint_karetochnyy_-_1n983.50.207.jpg",""
"Винт кареточный - 1н983.50.207  .jpg","vint_karetochnyy_-_1n983.50.207_2.jpg","https://cdn.jsdelivr.net/gh/411231185-cmd/Foto-RSS@main/Foto-Directus-Watermark/vint_karetochnyy_-_1n983.50.207_2.jpg","https://raw.githubusercontent.com/411231185-cmd/Foto-RSS/main/Foto-Directus-Watermark/vint_karetochnyy_-_1n983.50.207_2.jpg","Yes"
"Винт кареточный - 1н983.50.207 .jpg","vint_karetochnyy_-_1n983.50.207_3.jpg","https://cdn.jsdelivr.net/gh/411231185-cmd/Foto-RSS@main/Foto-Directus-Watermark/vint_karetochnyy_-_1n983.50.207_3.jpg","https://raw.githubusercontent.com/411231185-cmd/Foto-RSS/main/Foto-Directus-Watermark/vint_karetochnyy_-_1n983.50.207_3.jpg","Yes"
"Винт кареточный - 1н983.50.207.jpg","vint_karetochnyy_-_1n983.50.207_4.jpg","https://cdn.jsdelivr.net/gh/411231185-cmd/Foto-RSS@main/Foto-Directus-Watermark/vint_karetochnyy_-_1n983.50.207_4.jpg","https://raw.githubusercontent.com/411231185-cmd/Foto-RSS/main/Foto-Directus-Watermark/vint_karetochnyy_-_1n983.50.207_4.jpg","Yes"
"Гидроотскок к суппорту станков РТ783_РТ983    .jpg","gidrootskok_k_supportu_stankov_rt783_rt983.jpg","https://cdn.jsdelivr.net/gh/411231185-cmd/Foto-RSS@main/Foto-Directus-Watermark/gidrootskok_k_supportu_stankov_rt783_rt983.jpg","https://raw.githubusercontent.com/411231185-cmd/Foto-RSS/main/Foto-Directus-Watermark/gidrootskok_k_supportu_stankov_rt783_rt983.jpg",""
"Гидроотскок к суппорту станков РТ783_РТ983   .jpg","gidrootskok_k_supportu_stankov_rt783_rt983_2.jpg","https://cdn.jsdelivr.net/gh/411231185-cmd/Foto-RSS@main/Foto-Directus-Watermark/gidrootskok_k_supportu_stankov_rt783_rt983_2.jpg","https://raw.githubusercontent.com/411231185-cmd/Foto-RSS/main/Foto-Directus-Watermark/gidrootskok_k_supportu_stankov_rt783_rt983_2.jpg","Yes"
"Гидроотскок к суппорту станков РТ783_РТ983  .jpg","gidrootskok_k_supportu_stankov_rt783_rt983_3.jpg","https://cdn.jsdelivr.net/gh/411231185-cmd/Foto-RSS@main/Foto-Directus-Watermark/gidrootskok_k_supportu_stankov_rt783_rt983_3.jpg","https://raw.githubusercontent.com/411231185-cmd/Foto-RSS/main/Foto-Directus-Watermark/gidrootskok_k_supportu_stankov_rt783_rt983_3.jpg","Yes"
"Гидроотскок к суппорту станков РТ783_РТ983 .jpg","gidrootskok_k_supportu_stankov_rt783_rt983_4.jpg","https://cdn.jsdelivr.net/gh/411231185-cmd/Foto-RSS@main/Foto-Directus-Watermark/gidrootskok_k_supportu_stankov_rt783_rt983_4.jpg","https://raw.githubusercontent.com/411231185-cmd/Foto-RSS/main/Foto-Directus-Watermark/gidrootskok_k_supportu_stankov_rt783_rt983_4.jpg","Yes"
"Гидроотскок к суппорту станков РТ783_РТ983.jpg","gidrootskok_k_supportu_stankov_rt783_rt983_5.jpg","https://cdn.jsdelivr.net/gh/411231185-cmd/Foto-RSS@main/Foto-Directus-Watermark/gidrootskok_k_supportu_stankov_rt783_rt983_5.jpg","https://raw.githubusercontent.com/411231185-cmd/Foto-RSS/main/Foto-Directus-Watermark/gidrootskok_k_supportu_stankov_rt783_rt983_5.jpg","Yes"
"Захваты 6Т13МФ4‑1.360.251  .jpg","zakhvaty_6t13mf4‑1.360.251.jpg","https://cdn.jsdelivr.net/gh/411231185-cmd/Foto-RSS@main/Foto-Directus-Watermark/zakhvaty_6t13mf4%E2%80%911.360.251.jpg","https://raw.githubusercontent.com/411231185-cmd/Foto-RSS/main/Foto-Directus-Watermark/zakhvaty_6t13mf4%E2%80%911.360.251.jpg",""
"Захваты 6Т13МФ4‑1.360.251 .jpg","zakhvaty_6t13mf4‑1.360.251_2.jpg","https://cdn.jsdelivr.net/gh/411231185-cmd/Foto-RSS@main/Foto-Directus-Watermark/zakhvaty_6t13mf4%E2%80%911.360.251_2.jpg","https://raw.githubusercontent.com/411231185-cmd/Foto-RSS/main/Foto-Directus-Watermark/zakhvaty_6t13mf4%E2%80%911.360.251_2.jpg","Yes"
"Захваты 6Т13МФ4‑1.360.251.jpg","zakhvaty_6t13mf4‑1.360.251_3.jpg","https://cdn.jsdelivr.net/gh/411231185-cmd/Foto-RSS@main/Foto-Directus-Watermark/zakhvaty_6t13mf4%E2%80%911.360.251_3.jpg","https://raw.githubusercontent.com/411231185-cmd/Foto-RSS/main/Foto-Directus-Watermark/zakhvaty_6t13mf4%E2%80%911.360.251_3.jpg","Yes"
"Колесо зубчатое - 1М63.02.347  .jpg","koleso_zubchatoe_-_1m63.02.347.jpg","https://cdn.jsdelivr.net/gh/411231185-cmd/Foto-RSS@main/Foto-Directus-Watermark/koleso_zubchatoe_-_1m63.02.347.jpg","https://raw.githubusercontent.com/411231185-cmd/Foto-RSS/main/Foto-Directus-Watermark/koleso_zubchatoe_-_1m63.02.347.jpg",""
"Колесо зубчатое - 1М63.02.347 .jpg","koleso_zubchatoe_-_1m63.02.347_2.jpg","https://cdn.jsdelivr.net/gh/411231185-cmd/Foto-RSS@main/Foto-Directus-Watermark/koleso_zubchatoe_-_1m63.02.347_2.jpg","https://raw.githubusercontent.com/411231185-cmd/Foto-RSS/main/Foto-Directus-Watermark/koleso_zubchatoe_-_1m63.02.347_2.jpg","Yes"
"Колесо зубчатое - 1М63.02.347.jpg","koleso_zubchatoe_-_1m63.02.347_3.jpg","https://cdn.jsdelivr.net/gh/411231185-cmd/Foto-RSS@main/Foto-Directus-Watermark/koleso_zubchatoe_-_1m63.02.347_3.jpg","https://raw.githubusercontent.com/411231185-cmd/Foto-RSS/main/Foto-Directus-Watermark/koleso_zubchatoe_-_1m63.02.347_3.jpg","Yes"
"Колесо зубчатое - 1м63.04.153  .jpg","koleso_zubchatoe_-_1m63.04.153.jpg","https://cdn.jsdelivr.net/gh/411231185-cmd/Foto-RSS@main/Foto-Directus-Watermark/koleso_zubchatoe_-_1m63.04.153.jpg","https://raw.githubusercontent.com/411231185-cmd/Foto-RSS/main/Foto-Directus-Watermark/koleso_zubchatoe_-_1m63.04.153.jpg",""
"Колесо зубчатое - 1м63.04.153 .jpg","koleso_zubchatoe_-_1m63.04.153_2.jpg","https://cdn.jsdelivr.net/gh/411231185-cmd/Foto-RSS@main/Foto-Directus-Watermark/koleso_zubchatoe_-_1m63.04.153_2.jpg","https://raw.githubusercontent.com/411231185-cmd/Foto-RSS/main/Foto-Directus-Watermark/koleso_zubchatoe_-_1m63.04.153_2.jpg","Yes"
"Колесо зубчатое - 1м63.04.153.jpg","koleso_zubchatoe_-_1m63.04.153_3.jpg","https://cdn.jsdelivr.net/gh/411231185-cmd/Foto-RSS@main/Foto-Directus-Watermark/koleso_zubchatoe_-_1m63.04.153_3.jpg","https://raw.githubusercontent.com/411231185-cmd/Foto-RSS/main/Foto-Directus-Watermark/koleso_zubchatoe_-_1m63.04.153_3.jpg","Yes"
"Колесо зубчатое - 1м63.04.155  .jpg","koleso_zubchatoe_-_1m63.04.155.jpg","https://cdn.jsdelivr.net/gh/411231185-cmd/Foto-RSS@main/Foto-Directus-Watermark/koleso_zubchatoe_-_1m63.04.155.jpg","https://raw.githubusercontent.com/411231185-cmd/Foto-RSS/main/Foto-Directus-Watermark/koleso_zubchatoe_-_1m63.04.155.jpg",""
"Колесо зубчатое - 1м63.04.155 .jpg","koleso_zubchatoe_-_1m63.04.155_2.jpg","https://cdn.jsdelivr.net/gh/411231185-cmd/Foto-RSS@main/Foto-Directus-Watermark/koleso_zubchatoe_-_1m63.04.155_2.jpg","https://raw.githubusercontent.com/411231185-cmd/Foto-RSS/main/Foto-Directus-Watermark/koleso_zubchatoe_-_1m63.04.155_2.jpg","Yes"
"Колесо зубчатое - 1м63.04.155.jpg","koleso_zubchatoe_-_1m63.04.155_3.jpg","https://cdn.jsdelivr.net/gh/411231185-cmd/Foto-RSS@main/Foto-Directus-Watermark/koleso_zubchatoe_-_1m63.04.155_3.jpg","https://raw.githubusercontent.com/411231185-cmd/Foto-RSS/main/Foto-Directus-Watermark/koleso_zubchatoe_-_1m63.04.155_3.jpg","Yes"
"Колесо зубчатое - 1м63.61.164  .jpg","koleso_zubchatoe_-_1m63.61.164.jpg","https://cdn.jsdelivr.net/gh/411231185-cmd/Foto-RSS@main/Foto-Directus-Watermark/koleso_zubchatoe_-_1m63.61.164.jpg","https://raw.githubusercontent.com/411231185-cmd/Foto-RSS/main/Foto-Directus-Watermark/koleso_zubchatoe_-_1m63.61.164.jpg",""
"Колесо зубчатое - 1м63.61.164 .jpg","koleso_zubchatoe_-_1m63.61.164_2.jpg","https://cdn.jsdelivr.net/gh/411231185-cmd/Foto-RSS@main/Foto-Directus-Watermark/koleso_zubchatoe_-_1m63.61.164_2.jpg","https://raw.githubusercontent.com/411231185-cmd/Foto-RSS/main/Foto-Directus-Watermark/koleso_zubchatoe_-_1m63.61.164_2.jpg","Yes"
"Колесо зубчатое - 1м63.61.164.jpg","koleso_zubchatoe_-_1m63.61.164_3.jpg","https://cdn.jsdelivr.net/gh/411231185-cmd/Foto-RSS@main/Foto-Directus-Watermark/koleso_zubchatoe_-_1m63.61.164_3.jpg","https://raw.githubusercontent.com/411231185-cmd/Foto-RSS/main/Foto-Directus-Watermark/koleso_zubchatoe_-_1m63.61.164_3.jpg","Yes"
"Колесо зубчатое - 1м63.61.228 .jpg","koleso_zubchatoe_-_1m63.61.228.jpg","https://cdn.jsdelivr.net/gh/411231185-cmd/Foto-RSS@main/Foto-Directus-Watermark/koleso_zubchatoe_-_1m63.61.228.jpg","https://raw.githubusercontent.com/411231185-cmd/Foto-RSS/main/Foto-Directus-Watermark/koleso_zubchatoe_-_1m63.61.228.jpg",""
"Колесо зубчатое - 1м63.61.228.jpg","koleso_zubchatoe_-_1m63.61.228_2.jpg","https://cdn.jsdelivr.net/gh/411231185-cmd/Foto-RSS@main/Foto-Directus-Watermark/koleso_zubchatoe_-_1m63.61.228_2.jpg","https://raw.githubusercontent.com/411231185-cmd/Foto-RSS/main/Foto-Directus-Watermark/koleso_zubchatoe_-_1m63.61.228_2.jpg","Yes"
"Колесо зубчатое - 1м63.61.229  .jpg","koleso_zubchatoe_-_1m63.61.229.jpg","https://cdn.jsdelivr.net/gh/411231185-cmd/Foto-RSS@main/Foto-Directus-Watermark/koleso_zubchatoe_-_1m63.61.229.jpg","https://raw.githubusercontent.com/411231185-cmd/Foto-RSS/main/Foto-Directus-Watermark/koleso_zubchatoe_-_1m63.61.229.jpg",""
"Колесо зубчатое - 1м63.61.229 .jpg","koleso_zubchatoe_-_1m63.61.229_2.jpg","https://cdn.jsdelivr.net/gh/411231185-cmd/Foto-RSS@main/Foto-Directus-Watermark/koleso_zubchatoe_-_1m63.61.229_2.jpg","https://raw.githubusercontent.com/411231185-cmd/Foto-RSS/main/Foto-Directus-Watermark/koleso_zubchatoe_-_1m63.61.229_2.jpg","Yes"
"Колесо зубчатое - 1м63.61.229.jpg","koleso_zubchatoe_-_1m63.61.229_3.jpg","https://cdn.jsdelivr.net/gh/411231185-cmd/Foto-RSS@main/Foto-Directus-Watermark/koleso_zubchatoe_-_1m63.61.229_3.jpg","https://raw.githubusercontent.com/411231185-cmd/Foto-RSS/main/Foto-Directus-Watermark/koleso_zubchatoe_-_1m63.61.229_3.jpg","Yes"
"Колесо зубчатое - 1м63Б.60.252  .jpg","koleso_zubchatoe_-_1m63b.60.252.jpg","https://cdn.jsdelivr.net/gh/411231185-cmd/Foto-RSS@main/Foto-Directus-Watermark/koleso_zubchatoe_-_1m63b.60.252.jpg","https://raw.githubusercontent.com/411231185-cmd/Foto-RSS/main/Foto-Directus-Watermark/koleso_zubchatoe_-_1m63b.60.252.jpg",""
"Колесо зубчатое - 1м63Б.60.252 .jpg","koleso_zubchatoe_-_1m63b.60.252_2.jpg","https://cdn.jsdelivr.net/gh/411231185-cmd/Foto-RSS@main/Foto-Directus-Watermark/koleso_zubchatoe_-_1m63b.60.252_2.jpg","https://raw.githubusercontent.com/411231185-cmd/Foto-RSS/main/Foto-Directus-Watermark/koleso_zubchatoe_-_1m63b.60.252_2.jpg","Yes"
"Колесо зубчатое - 1м63Б.60.252.jpg","koleso_zubchatoe_-_1m63b.60.252_3.jpg","https://cdn.jsdelivr.net/gh/411231185-cmd/Foto-RSS@main/Foto-Directus-Watermark/koleso_zubchatoe_-_1m63b.60.252_3.jpg","https://raw.githubusercontent.com/411231185-cmd/Foto-RSS/main/Foto-Directus-Watermark/koleso_zubchatoe_-_1m63b.60.252_3.jpg","Yes"
"Колесо зубчатое - 1м63Б.70.214  .jpg","koleso_zubchatoe_-_1m63b.70.214.jpg","https://cdn.jsdelivr.net/gh/411231185-cmd/Foto-RSS@main/Foto-Directus-Watermark/koleso_zubchatoe_-_1m63b.70.214.jpg","https://raw.githubusercontent.com/411231185-cmd/Foto-RSS/main/Foto-Directus-Watermark/koleso_zubchatoe_-_1m63b.70.214.jpg",""
"Колесо зубчатое - 1м63Б.70.214 .jpg","koleso_zubchatoe_-_1m63b.70.214_2.jpg","https://cdn.jsdelivr.net/gh/411231185-cmd/Foto-RSS@main/Foto-Directus-Watermark/koleso_zubchatoe_-_1m63b.70.214_2.jpg","https://raw.githubusercontent.com/411231185-cmd/Foto-RSS/main/Foto-Directus-Watermark/koleso_zubchatoe_-_1m63b.70.214_2.jpg","Yes"
"Колесо зубчатое - 1м63Б.70.214.jpg","koleso_zubchatoe_-_1m63b.70.214_3.jpg","https://cdn.jsdelivr.net/gh/411231185-cmd/Foto-RSS@main/Foto-Directus-Watermark/koleso_zubchatoe_-_1m63b.70.214_3.jpg","https://raw.githubusercontent.com/411231185-cmd/Foto-RSS/main/Foto-Directus-Watermark/koleso_zubchatoe_-_1m63b.70.214_3.jpg","Yes"
"Колесо зубчатое -1м63.61.228.jpg","koleso_zubchatoe_-1m63.61.228.jpg","https://cdn.jsdelivr.net/gh/411231185-cmd/Foto-RSS@main/Foto-Directus-Watermark/koleso_zubchatoe_-1m63.61.228.jpg","https://raw.githubusercontent.com/411231185-cmd/Foto-RSS/main/Foto-Directus-Watermark/koleso_zubchatoe_-1m63.61.228.jpg",""
"Колесо зубчатое 16к40.41.152  .jpg","koleso_zubchatoe_16k40.41.152.jpg","https://cdn.jsdelivr.net/gh/411231185-cmd/Foto-RSS@main/Foto-Directus-Watermark/koleso_zubchatoe_16k40.41.152.jpg","https://raw.githubusercontent.com/411231185-cmd/Foto-RSS/main/Foto-Directus-Watermark/koleso_zubchatoe_16k40.41.152.jpg",""
"Колесо зубчатое 16к40.41.152 .jpg","koleso_zubchatoe_16k40.41.152_2.jpg","https://cdn.jsdelivr.net/gh/411231185-cmd/Foto-RSS@main/Foto-Directus-Watermark/koleso_zubchatoe_16k40.41.152_2.jpg","https://raw.githubusercontent.com/411231185-cmd/Foto-RSS/main/Foto-Directus-Watermark/koleso_zubchatoe_16k40.41.152_2.jpg","Yes"
"Колесо зубчатое 16к40.41.152.jpg","koleso_zubchatoe_16k40.41.152_3.jpg","https://cdn.jsdelivr.net/gh/411231185-cmd/Foto-RSS@main/Foto-Directus-Watermark/koleso_zubchatoe_16k40.41.152_3.jpg","https://raw.githubusercontent.com/411231185-cmd/Foto-RSS/main/Foto-Directus-Watermark/koleso_zubchatoe_16k40.41.152_3.jpg","Yes"
"Колесо зубчатое 1М63.02.172  .jpg","koleso_zubchatoe_1m63.02.172.jpg","https://cdn.jsdelivr.net/gh/411231185-cmd/Foto-RSS@main/Foto-Directus-Watermark/koleso_zubchatoe_1m63.02.172.jpg","https://raw.githubusercontent.com/411231185-cmd/Foto-RSS/main/Foto-Directus-Watermark/koleso_zubchatoe_1m63.02.172.jpg",""
"Колесо зубчатое 1М63.02.172 .jpg","koleso_zubchatoe_1m63.02.172_2.jpg","https://cdn.jsdelivr.net/gh/411231185-cmd/Foto-RSS@main/Foto-Directus-Watermark/koleso_zubchatoe_1m63.02.172_2.jpg","https://raw.githubusercontent.com/411231185-cmd/Foto-RSS/main/Foto-Directus-Watermark/koleso_zubchatoe_1m63.02.172_2.jpg","Yes"
"Колесо зубчатое 1М63.02.172.jpg","koleso_zubchatoe_1m63.02.172_3.jpg","https://cdn.jsdelivr.net/gh/411231185-cmd/Foto-RSS@main/Foto-Directus-Watermark/koleso_zubchatoe_1m63.02.172_3.jpg","https://raw.githubusercontent.com/411231185-cmd/Foto-RSS/main/Foto-Directus-Watermark/koleso_zubchatoe_1m63.02.172_3.jpg","Yes"
"Колесо зубчатое 1М63.02.262  .jpg","koleso_zubchatoe_1m63.02.262.jpg","https://cdn.jsdelivr.net/gh/411231185-cmd/Foto-RSS@main/Foto-Directus-Watermark/koleso_zubchatoe_1m63.02.262.jpg","https://raw.githubusercontent.com/411231185-cmd/Foto-RSS/main/Foto-Directus-Watermark/koleso_zubchatoe_1m63.02.262.jpg",""
"Колесо зубчатое 1М63.02.262 .jpg","koleso_zubchatoe_1m63.02.262_2.jpg","https://cdn.jsdelivr.net/gh/411231185-cmd/Foto-RSS@main/Foto-Directus-Watermark/koleso_zubchatoe_1m63.02.262_2.jpg","https://raw.githubusercontent.com/411231185-cmd/Foto-RSS/main/Foto-Directus-Watermark/koleso_zubchatoe_1m63.02.262_2.jpg","Yes"
"Колесо зубчатое 1М63.02.262.jpg","koleso_zubchatoe_1m63.02.262_3.jpg","https://cdn.jsdelivr.net/gh/411231185-cmd/Foto-RSS@main/Foto-Directus-Watermark/koleso_zubchatoe_1m63.02.262_3.jpg","https://raw.githubusercontent.com/411231185-cmd/Foto-RSS/main/Foto-Directus-Watermark/koleso_zubchatoe_1m63.02.262_3.jpg","Yes"
"Колесо зубчатое 1М63.02.263  .jpg","koleso_zubchatoe_1m63.02.263.jpg","https://cdn.jsdelivr.net/gh/411231185-cmd/Foto-RSS@main/Foto-Directus-Watermark/koleso_zubchatoe_1m63.02.263.jpg","https://raw.githubusercontent.com/411231185-cmd/Foto-RSS/main/Foto-Directus-Watermark/koleso_zubchatoe_1m63.02.263.jpg",""
"Колесо зубчатое 1М63.02.263 .jpg","koleso_zubchatoe_1m63.02.263_2.jpg","https://cdn.jsdelivr.net/gh/411231185-cmd/Foto-RSS@main/Foto-Directus-Watermark/koleso_zubchatoe_1m63.02.263_2.jpg","https://raw.githubusercontent.com/411231185-cmd/Foto-RSS/main/Foto-Directus-Watermark/koleso_zubchatoe_1m63.02.263_2.jpg","Yes"
"Колесо зубчатое 1М63.02.263.jpg","koleso_zubchatoe_1m63.02.263_3.jpg","https://cdn.jsdelivr.net/gh/411231185-cmd/Foto-RSS@main/Foto-Directus-Watermark/koleso_zubchatoe_1m63.02.263_3.jpg","https://raw.githubusercontent.com/411231185-cmd/Foto-RSS/main/Foto-Directus-Watermark/koleso_zubchatoe_1m63.02.263_3.jpg","Yes"
"Колесо зубчатое 1М63.02.275  .jpg","koleso_zubchatoe_1m63.02.275.jpg","https://cdn.jsdelivr.net/gh/411231185-cmd/Foto-RSS@main/Foto-Directus-Watermark/koleso_zubchatoe_1m63.02.275.jpg","https://raw.githubusercontent.com/411231185-cmd/Foto-RSS/main/Foto-Directus-Watermark/koleso_zubchatoe_1m63.02.275.jpg",""
"Колесо зубчатое 1М63.02.275 .jpg","koleso_zubchatoe_1m63.02.275_2.jpg","https://cdn.jsdelivr.net/gh/411231185-cmd/Foto-RSS@main/Foto-Directus-Watermark/koleso_zubchatoe_1m63.02.275_2.jpg","https://raw.githubusercontent.com/411231185-cmd/Foto-RSS/main/Foto-Directus-Watermark/koleso_zubchatoe_1m63.02.275_2.jpg","Yes"
"Колесо зубчатое 1М63.02.275.jpg","koleso_zubchatoe_1m63.02.275_3.jpg","https://cdn.jsdelivr.net/gh/411231185-cmd/Foto-RSS@main/Foto-Directus-Watermark/koleso_zubchatoe_1m63.02.275_3.jpg","https://raw.githubusercontent.com/411231185-cmd/Foto-RSS/main/Foto-Directus-Watermark/koleso_zubchatoe_1m63.02.275_3.jpg","Yes"
"Колесо зубчатое 1М63.02.353  .jpg","koleso_zubchatoe_1m63.02.353.jpg","https://cdn.jsdelivr.net/gh/411231185-cmd/Foto-RSS@main/Foto-Directus-Watermark/koleso_zubchatoe_1m63.02.353.jpg","https://raw.githubusercontent.com/411231185-cmd/Foto-RSS/main/Foto-Directus-Watermark/koleso_zubchatoe_1m63.02.353.jpg",""
"Колесо зубчатое 1М63.02.353 .jpg","koleso_zubchatoe_1m63.02.353_2.jpg","https://cdn.jsdelivr.net/gh/411231185-cmd/Foto-RSS@main/Foto-Directus-Watermark/koleso_zubchatoe_1m63.02.353_2.jpg","https://raw.githubusercontent.com/411231185-cmd/Foto-RSS/main/Foto-Directus-Watermark/koleso_zubchatoe_1m63.02.353_2.jpg","Yes"
"Колесо зубчатое 1М63.02.353.jpg","koleso_zubchatoe_1m63.02.353_3.jpg","https://cdn.jsdelivr.net/gh/411231185-cmd/Foto-RSS@main/Foto-Directus-Watermark/koleso_zubchatoe_1m63.02.353_3.jpg","https://raw.githubusercontent.com/411231185-cmd/Foto-RSS/main/Foto-Directus-Watermark/koleso_zubchatoe_1m63.02.353_3.jpg","Yes"
"Колесо зубчатое 1М63.06.253  .jpg","koleso_zubchatoe_1m63.06.253.jpg","https://cdn.jsdelivr.net/gh/411231185-cmd/Foto-RSS@main/Foto-Directus-Watermark/koleso_zubchatoe_1m63.06.253.jpg","https://raw.githubusercontent.com/411231185-cmd/Foto-RSS/main/Foto-Directus-Watermark/koleso_zubchatoe_1m63.06.253.jpg",""
"Колесо зубчатое 1М63.06.253 .jpg","koleso_zubchatoe_1m63.06.253_2.jpg","https://cdn.jsdelivr.net/gh/411231185-cmd/Foto-RSS@main/Foto-Directus-Watermark/koleso_zubchatoe_1m63.06.253_2.jpg","https://raw.githubusercontent.com/411231185-cmd/Foto-RSS/main/Foto-Directus-Watermark/koleso_zubchatoe_1m63.06.253_2.jpg","Yes"
"Колесо зубчатое 1М63.06.253.jpg","koleso_zubchatoe_1m63.06.253_3.jpg","https://cdn.jsdelivr.net/gh/411231185-cmd/Foto-RSS@main/Foto-Directus-Watermark/koleso_zubchatoe_1m63.06.253_3.jpg","https://raw.githubusercontent.com/411231185-cmd/Foto-RSS/main/Foto-Directus-Watermark/koleso_zubchatoe_1m63.06.253_3.jpg","Yes"
"Колесо зубчатое 1М63.21.200  .jpg","koleso_zubchatoe_1m63.21.200.jpg","https://cdn.jsdelivr.net/gh/411231185-cmd/Foto-RSS@main/Foto-Directus-Watermark/koleso_zubchatoe_1m63.21.200.jpg","https://raw.githubusercontent.com/411231185-cmd/Foto-RSS/main/Foto-Directus-Watermark/koleso_zubchatoe_1m63.21.200.jpg",""
"Колесо зубчатое 1М63.21.200 .jpg","koleso_zubchatoe_1m63.21.200_2.jpg","https://cdn.jsdelivr.net/gh/411231185-cmd/Foto-RSS@main/Foto-Directus-Watermark/koleso_zubchatoe_1m63.21.200_2.jpg","https://raw.githubusercontent.com/411231185-cmd/Foto-RSS/main/Foto-Directus-Watermark/koleso_zubchatoe_1m63.21.200_2.jpg","Yes"
"Колесо зубчатое 1М63.21.200.jpg","koleso_zubchatoe_1m63.21.200_3.jpg","https://cdn.jsdelivr.net/gh/411231185-cmd/Foto-RSS@main/Foto-Directus-Watermark/koleso_zubchatoe_1m63.21.200_3.jpg","https://raw.githubusercontent.com/411231185-cmd/Foto-RSS/main/Foto-Directus-Watermark/koleso_zubchatoe_1m63.21.200_3.jpg","Yes"
"Колесо зубчатое 1М63Б.20.189  .jpg","koleso_zubchatoe_1m63b.20.189.jpg","https://cdn.jsdelivr.net/gh/411231185-cmd/Foto-RSS@main/Foto-Directus-Watermark/koleso_zubchatoe_1m63b.20.189.jpg","https://raw.githubusercontent.com/411231185-cmd/Foto-RSS/main/Foto-Directus-Watermark/koleso_zubchatoe_1m63b.20.189.jpg",""
"Колесо зубчатое 1М63Б.20.189 .jpg","koleso_zubchatoe_1m63b.20.189_2.jpg","https://cdn.jsdelivr.net/gh/411231185-cmd/Foto-RSS@main/Foto-Directus-Watermark/koleso_zubchatoe_1m63b.20.189_2.jpg","https://raw.githubusercontent.com/411231185-cmd/Foto-RSS/main/Foto-Directus-Watermark/koleso_zubchatoe_1m63b.20.189_2.jpg","Yes"
"Колесо зубчатое 1М63Б.20.189.jpg","koleso_zubchatoe_1m63b.20.189_3.jpg","https://cdn.jsdelivr.net/gh/411231185-cmd/Foto-RSS@main/Foto-Directus-Watermark/koleso_zubchatoe_1m63b.20.189_3.jpg","https://raw.githubusercontent.com/411231185-cmd/Foto-RSS/main/Foto-Directus-Watermark/koleso_zubchatoe_1m63b.20.189_3.jpg","Yes"
"Колесо зубчатое 1М63Б.70.168  .jpg","koleso_zubchatoe_1m63b.70.168.jpg","https://cdn.jsdelivr.net/gh/411231185-cmd/Foto-RSS@main/Foto-Directus-Watermark/koleso_zubchatoe_1m63b.70.168.jpg","https://raw.githubusercontent.com/411231185-cmd/Foto-RSS/main/Foto-Directus-Watermark/koleso_zubchatoe_1m63b.70.168.jpg",""
"Колесо зубчатое 1М63Б.70.168 .jpg","koleso_zubchatoe_1m63b.70.168_2.jpg","https://cdn.jsdelivr.net/gh/411231185-cmd/Foto-RSS@main/Foto-Directus-Watermark/koleso_zubchatoe_1m63b.70.168_2.jpg","https://raw.githubusercontent.com/411231185-cmd/Foto-RSS/main/Foto-Directus-Watermark/koleso_zubchatoe_1m63b.70.168_2.jpg","Yes"
"Колесо зубчатое 1М63Б.70.168.jpg","koleso_zubchatoe_1m63b.70.168_3.jpg","https://cdn.jsdelivr.net/gh/411231185-cmd/Foto-RSS@main/Foto-Directus-Watermark/koleso_zubchatoe_1m63b.70.168_3.jpg","https://raw.githubusercontent.com/411231185-cmd/Foto-RSS/main/Foto-Directus-Watermark/koleso_zubchatoe_1m63b.70.168_3.jpg","Yes"
"Колесо зубчатое 1М63Б.70.211  .jpg","koleso_zubchatoe_1m63b.70.211.jpg","https://cdn.jsdelivr.net/gh/411231185-cmd/Foto-RSS@main/Foto-Directus-Watermark/koleso_zubchatoe_1m63b.70.211.jpg","https://raw.githubusercontent.com/411231185-cmd/Foto-RSS/main/Foto-Directus-Watermark/koleso_zubchatoe_1m63b.70.211.jpg",""
"Колесо зубчатое 1М63Б.70.211 .jpg","koleso_zubchatoe_1m63b.70.211_2.jpg","https://cdn.jsdelivr.net/gh/411231185-cmd/Foto-RSS@main/Foto-Directus-Watermark/koleso_zubchatoe_1m63b.70.211_2.jpg","https://raw.githubusercontent.com/411231185-cmd/Foto-RSS/main/Foto-Directus-Watermark/koleso_zubchatoe_1m63b.70.211_2.jpg","Yes"
"Колесо зубчатое 1М63Б.70.211.jpg","koleso_zubchatoe_1m63b.70.211_3.jpg","https://cdn.jsdelivr.net/gh/411231185-cmd/Foto-RSS@main/Foto-Directus-Watermark/koleso_zubchatoe_1m63b.70.211_3.jpg","https://raw.githubusercontent.com/411231185-cmd/Foto-RSS/main/Foto-Directus-Watermark/koleso_zubchatoe_1m63b.70.211_3.jpg","Yes"
"Колесо зубчатое 1М63Б.70.215  .jpg","koleso_zubchatoe_1m63b.70.215.jpg","https://cdn.jsdelivr.net/gh/411231185-cmd/Foto-RSS@main/Foto-Directus-Watermark/koleso_zubchatoe_1m63b.70.215.jpg","https://raw.githubusercontent.com/411231185-cmd/Foto-RSS/main/Foto-Directus-Watermark/koleso_zubchatoe_1m63b.70.215.jpg",""
"Колесо зубчатое 1М63Б.70.215 .jpg","koleso_zubchatoe_1m63b.70.215_2.jpg","https://cdn.jsdelivr.net/gh/411231185-cmd/Foto-RSS@main/Foto-Directus-Watermark/koleso_zubchatoe_1m63b.70.215_2.jpg","https://raw.githubusercontent.com/411231185-cmd/Foto-RSS/main/Foto-Directus-Watermark/koleso_zubchatoe_1m63b.70.215_2.jpg","Yes"
"Колесо зубчатое 1М63Б.70.215.jpg","koleso_zubchatoe_1m63b.70.215_3.jpg","https://cdn.jsdelivr.net/gh/411231185-cmd/Foto-RSS@main/Foto-Directus-Watermark/koleso_zubchatoe_1m63b.70.215_3.jpg","https://raw.githubusercontent.com/411231185-cmd/Foto-RSS/main/Foto-Directus-Watermark/koleso_zubchatoe_1m63b.70.215_3.jpg","Yes"
"Колесо зубчатое 1М63Б.70.216  .jpg","koleso_zubchatoe_1m63b.70.216.jpg","https://cdn.jsdelivr.net/gh/411231185-cmd/Foto-RSS@main/Foto-Directus-Watermark/koleso_zubchatoe_1m63b.70.216.jpg","https://raw.githubusercontent.com/411231185-cmd/Foto-RSS/main/Foto-Directus-Watermark/koleso_zubchatoe_1m63b.70.216.jpg",""
"Колесо зубчатое 1М63Б.70.216 .jpg","koleso_zubchatoe_1m63b.70.216_2.jpg","https://cdn.jsdelivr.net/gh/411231185-cmd/Foto-RSS@main/Foto-Directus-Watermark/koleso_zubchatoe_1m63b.70.216_2.jpg","https://raw.githubusercontent.com/411231185-cmd/Foto-RSS/main/Foto-Directus-Watermark/koleso_zubchatoe_1m63b.70.216_2.jpg","Yes"
"Колесо зубчатое 1М63Б.70.216.jpg","koleso_zubchatoe_1m63b.70.216_3.jpg","https://cdn.jsdelivr.net/gh/411231185-cmd/Foto-RSS@main/Foto-Directus-Watermark/koleso_zubchatoe_1m63b.70.216_3.jpg","https://raw.githubusercontent.com/411231185-cmd/Foto-RSS/main/Foto-Directus-Watermark/koleso_zubchatoe_1m63b.70.216_3.jpg","Yes"
"Колесо зубчатое 1М63Б.70.219  .jpg","koleso_zubchatoe_1m63b.70.219.jpg","https://cdn.jsdelivr.net/gh/411231185-cmd/Foto-RSS@main/Foto-Directus-Watermark/koleso_zubchatoe_1m63b.70.219.jpg","https://raw.githubusercontent.com/411231185-cmd/Foto-RSS/main/Foto-Directus-Watermark/koleso_zubchatoe_1m63b.70.219.jpg",""
"Колесо зубчатое 1М63Б.70.219 .jpg","koleso_zubchatoe_1m63b.70.219_2.jpg","https://cdn.jsdelivr.net/gh/411231185-cmd/Foto-RSS@main/Foto-Directus-Watermark/koleso_zubchatoe_1m63b.70.219_2.jpg","https://raw.githubusercontent.com/411231185-cmd/Foto-RSS/main/Foto-Directus-Watermark/koleso_zubchatoe_1m63b.70.219_2.jpg","Yes"
"Колесо зубчатое 1М63Б.70.219.jpg","koleso_zubchatoe_1m63b.70.219_3.jpg","https://cdn.jsdelivr.net/gh/411231185-cmd/Foto-RSS@main/Foto-Directus-Watermark/koleso_zubchatoe_1m63b.70.219_3.jpg","https://raw.githubusercontent.com/411231185-cmd/Foto-RSS/main/Foto-Directus-Watermark/koleso_zubchatoe_1m63b.70.219_3.jpg","Yes"
"Колесо зубчатое 1М63Б.70.227  .jpg","koleso_zubchatoe_1m63b.70.227.jpg","https://cdn.jsdelivr.net/gh/411231185-cmd/Foto-RSS@main/Foto-Directus-Watermark/koleso_zubchatoe_1m63b.70.227.jpg","https://raw.githubusercontent.com/411231185-cmd/Foto-RSS/main/Foto-Directus-Watermark/koleso_zubchatoe_1m63b.70.227.jpg",""
"Колесо зубчатое 1М63Б.70.227 .jpg","koleso_zubchatoe_1m63b.70.227_2.jpg","https://cdn.jsdelivr.net/gh/411231185-cmd/Foto-RSS@main/Foto-Directus-Watermark/koleso_zubchatoe_1m63b.70.227_2.jpg","https://raw.githubusercontent.com/411231185-cmd/Foto-RSS/main/Foto-Directus-Watermark/koleso_zubchatoe_1m63b.70.227_2.jpg","Yes"
"Колесо зубчатое 1М63Б.70.227.jpg","koleso_zubchatoe_1m63b.70.227_3.jpg","https://cdn.jsdelivr.net/gh/411231185-cmd/Foto-RSS@main/Foto-Directus-Watermark/koleso_zubchatoe_1m63b.70.227_3.jpg","https://raw.githubusercontent.com/411231185-cmd/Foto-RSS/main/Foto-Directus-Watermark/koleso_zubchatoe_1m63b.70.227_3.jpg","Yes"
"Колесо зубчатое 1М63Б.70.232  .jpg","koleso_zubchatoe_1m63b.70.232.jpg","https://cdn.jsdelivr.net/gh/411231185-cmd/Foto-RSS@main/Foto-Directus-Watermark/koleso_zubchatoe_1m63b.70.232.jpg","https://raw.githubusercontent.com/411231185-cmd/Foto-RSS/main/Foto-Directus-Watermark/koleso_zubchatoe_1m63b.70.232.jpg",""
"Колесо зубчатое 1М63Б.70.232 .jpg","koleso_zubchatoe_1m63b.70.232_2.jpg","https://cdn.jsdelivr.net/gh/411231185-cmd/Foto-RSS@main/Foto-Directus-Watermark/koleso_zubchatoe_1m63b.70.232_2.jpg","https://raw.githubusercontent.com/411231185-cmd/Foto-RSS/main/Foto-Directus-Watermark/koleso_zubchatoe_1m63b.70.232_2.jpg","Yes"
"Колесо зубчатое 1М63Б.70.232.jpg","koleso_zubchatoe_1m63b.70.232_3.jpg","https://cdn.jsdelivr.net/gh/411231185-cmd/Foto-RSS@main/Foto-Directus-Watermark/koleso_zubchatoe_1m63b.70.232_3.jpg","https://raw.githubusercontent.com/411231185-cmd/Foto-RSS/main/Foto-Directus-Watermark/koleso_zubchatoe_1m63b.70.232_3.jpg","Yes"
"Колесо зубчатое 1м63.04.154  .jpg","koleso_zubchatoe_1m63.04.154.jpg","https://cdn.jsdelivr.net/gh/411231185-cmd/Foto-RSS@main/Foto-Directus-Watermark/koleso_zubchatoe_1m63.04.154.jpg","https://raw.githubusercontent.com/411231185-cmd/Foto-RSS/main/Foto-Directus-Watermark/koleso_zubchatoe_1m63.04.154.jpg",""
"Колесо зубчатое 1м63.04.154 .jpg","koleso_zubchatoe_1m63.04.154_2.jpg","https://cdn.jsdelivr.net/gh/411231185-cmd/Foto-RSS@main/Foto-Directus-Watermark/koleso_zubchatoe_1m63.04.154_2.jpg","https://raw.githubusercontent.com/411231185-cmd/Foto-RSS/main/Foto-Directus-Watermark/koleso_zubchatoe_1m63.04.154_2.jpg","Yes"
"Колесо зубчатое 1м63.04.154.jpg","koleso_zubchatoe_1m63.04.154_3.jpg","https://cdn.jsdelivr.net/gh/411231185-cmd/Foto-RSS@main/Foto-Directus-Watermark/koleso_zubchatoe_1m63.04.154_3.jpg","https://raw.githubusercontent.com/411231185-cmd/Foto-RSS/main/Foto-Directus-Watermark/koleso_zubchatoe_1m63.04.154_3.jpg","Yes"
"Колесо зубчатое 1м63.06.254  .jpg","koleso_zubchatoe_1m63.06.254.jpg","https://cdn.jsdelivr.net/gh/411231185-cmd/Foto-RSS@main/Foto-Directus-Watermark/koleso_zubchatoe_1m63.06.254.jpg","https://raw.githubusercontent.com/411231185-cmd/Foto-RSS/main/Foto-Directus-Watermark/koleso_zubchatoe_1m63.06.254.jpg",""
"Колесо зубчатое 1м63.06.254 .jpg","koleso_zubchatoe_1m63.06.254_2.jpg","https://cdn.jsdelivr.net/gh/411231185-cmd/Foto-RSS@main/Foto-Directus-Watermark/koleso_zubchatoe_1m63.06.254_2.jpg","https://raw.githubusercontent.com/411231185-cmd/Foto-RSS/main/Foto-Directus-Watermark/koleso_zubchatoe_1m63.06.254_2.jpg","Yes"
"Колесо зубчатое 1м63.06.254.jpg","koleso_zubchatoe_1m63.06.254_3.jpg","https://cdn.jsdelivr.net/gh/411231185-cmd/Foto-RSS@main/Foto-Directus-Watermark/koleso_zubchatoe_1m63.06.254_3.jpg","https://raw.githubusercontent.com/411231185-cmd/Foto-RSS/main/Foto-Directus-Watermark/koleso_zubchatoe_1m63.06.254_3.jpg","Yes"
"Колесо зубчатое 1м63.41.269  .jpg","koleso_zubchatoe_1m63.41.269.jpg","https://cdn.jsdelivr.net/gh/411231185-cmd/Foto-RSS@main/Foto-Directus-Watermark/koleso_zubchatoe_1m63.41.269.jpg","https://raw.githubusercontent.com/411231185-cmd/Foto-RSS/main/Foto-Directus-Watermark/koleso_zubchatoe_1m63.41.269.jpg",""
"Колесо зубчатое 1м63.41.269 .jpg","koleso_zubchatoe_1m63.41.269_2.jpg","https://cdn.jsdelivr.net/gh/411231185-cmd/Foto-RSS@main/Foto-Directus-Watermark/koleso_zubchatoe_1m63.41.269_2.jpg","https://raw.githubusercontent.com/411231185-cmd/Foto-RSS/main/Foto-Directus-Watermark/koleso_zubchatoe_1m63.41.269_2.jpg","Yes"
"Колесо зубчатое 1м63.41.269.jpg","koleso_zubchatoe_1m63.41.269_3.jpg","https://cdn.jsdelivr.net/gh/411231185-cmd/Foto-RSS@main/Foto-Directus-Watermark/koleso_zubchatoe_1m63.41.269_3.jpg","https://raw.githubusercontent.com/411231185-cmd/Foto-RSS/main/Foto-Directus-Watermark/koleso_zubchatoe_1m63.41.269_3.jpg","Yes"
"Колесо зубчатое 1м63.61.197  .jpg","koleso_zubchatoe_1m63.61.197.jpg","https://cdn.jsdelivr.net/gh/411231185-cmd/Foto-RSS@main/Foto-Directus-Watermark/koleso_zubchatoe_1m63.61.197.jpg","https://raw.githubusercontent.com/411231185-cmd/Foto-RSS/main/Foto-Directus-Watermark/koleso_zubchatoe_1m63.61.197.jpg",""
"Колесо зубчатое 1м63.61.197 .jpg","koleso_zubchatoe_1m63.61.197_2.jpg","https://cdn.jsdelivr.net/gh/411231185-cmd/Foto-RSS@main/Foto-Directus-Watermark/koleso_zubchatoe_1m63.61.197_2.jpg","https://raw.githubusercontent.com/411231185-cmd/Foto-RSS/main/Foto-Directus-Watermark/koleso_zubchatoe_1m63.61.197_2.jpg","Yes"
"Колесо зубчатое 1м63.61.197.jpg","koleso_zubchatoe_1m63.61.197_3.jpg","https://cdn.jsdelivr.net/gh/411231185-cmd/Foto-RSS@main/Foto-Directus-Watermark/koleso_zubchatoe_1m63.61.197_3.jpg","https://raw.githubusercontent.com/411231185-cmd/Foto-RSS/main/Foto-Directus-Watermark/koleso_zubchatoe_1m63.61.197_3.jpg","Yes"
"Колесо зубчатое 1м63.61.230  .jpg","koleso_zubchatoe_1m63.61.230.jpg","https://cdn.jsdelivr.net/gh/411231185-cmd/Foto-RSS@main/Foto-Directus-Watermark/koleso_zubchatoe_1m63.61.230.jpg","https://raw.githubusercontent.com/411231185-cmd/Foto-RSS/main/Foto-Directus-Watermark/koleso_zubchatoe_1m63.61.230.jpg",""
"Колесо зубчатое 1м63.61.230 .jpg","koleso_zubchatoe_1m63.61.230_2.jpg","https://cdn.jsdelivr.net/gh/411231185-cmd/Foto-RSS@main/Foto-Directus-Watermark/koleso_zubchatoe_1m63.61.230_2.jpg","https://raw.githubusercontent.com/411231185-cmd/Foto-RSS/main/Foto-Directus-Watermark/koleso_zubchatoe_1m63.61.230_2.jpg","Yes"
"Колесо зубчатое 1м63.61.230.jpg","koleso_zubchatoe_1m63.61.230_3.jpg","https://cdn.jsdelivr.net/gh/411231185-cmd/Foto-RSS@main/Foto-Directus-Watermark/koleso_zubchatoe_1m63.61.230_3.jpg","https://raw.githubusercontent.com/411231185-cmd/Foto-RSS/main/Foto-Directus-Watermark/koleso_zubchatoe_1m63.61.230_3.jpg","Yes"
"Колесо зубчатое 1м63.61.231  .jpg","koleso_zubchatoe_1m63.61.231.jpg","https://cdn.jsdelivr.net/gh/411231185-cmd/Foto-RSS@main/Foto-Directus-Watermark/koleso_zubchatoe_1m63.61.231.jpg","https://raw.githubusercontent.com/411231185-cmd/Foto-RSS/main/Foto-Directus-Watermark/koleso_zubchatoe_1m63.61.231.jpg",""
"Колесо зубчатое 1м63.61.231 .jpg","koleso_zubchatoe_1m63.61.231_2.jpg","https://cdn.jsdelivr.net/gh/411231185-cmd/Foto-RSS@main/Foto-Directus-Watermark/koleso_zubchatoe_1m63.61.231_2.jpg","https://raw.githubusercontent.com/411231185-cmd/Foto-RSS/main/Foto-Directus-Watermark/koleso_zubchatoe_1m63.61.231_2.jpg","Yes"
"Колесо зубчатое 1м63.61.231.jpg","koleso_zubchatoe_1m63.61.231_3.jpg","https://cdn.jsdelivr.net/gh/411231185-cmd/Foto-RSS@main/Foto-Directus-Watermark/koleso_zubchatoe_1m63.61.231_3.jpg","https://raw.githubusercontent.com/411231185-cmd/Foto-RSS/main/Foto-Directus-Watermark/koleso_zubchatoe_1m63.61.231_3.jpg","Yes"
"Колесо зубчатое 1м63Б.60.282  .jpg","koleso_zubchatoe_1m63b.60.282.jpg","https://cdn.jsdelivr.net/gh/411231185-cmd/Foto-RSS@main/Foto-Directus-Watermark/koleso_zubchatoe_1m63b.60.282.jpg","https://raw.githubusercontent.com/411231185-cmd/Foto-RSS/main/Foto-Directus-Watermark/koleso_zubchatoe_1m63b.60.282.jpg",""
"Колесо зубчатое 1м63Б.60.282 .jpg","koleso_zubchatoe_1m63b.60.282_2.jpg","https://cdn.jsdelivr.net/gh/411231185-cmd/Foto-RSS@main/Foto-Directus-Watermark/koleso_zubchatoe_1m63b.60.282_2.jpg","https://raw.githubusercontent.com/411231185-cmd/Foto-RSS/main/Foto-Directus-Watermark/koleso_zubchatoe_1m63b.60.282_2.jpg","Yes"
"Колесо зубчатое 1м63Б.60.282.jpg","koleso_zubchatoe_1m63b.60.282_3.jpg","https://cdn.jsdelivr.net/gh/411231185-cmd/Foto-RSS@main/Foto-Directus-Watermark/koleso_zubchatoe_1m63b.60.282_3.jpg","https://raw.githubusercontent.com/411231185-cmd/Foto-RSS/main/Foto-Directus-Watermark/koleso_zubchatoe_1m63b.60.282_3.jpg","Yes"
"Колесо зубчатое 1м63Б.70.169  .jpg","koleso_zubchatoe_1m63b.70.169.jpg","https://cdn.jsdelivr.net/gh/411231185-cmd/Foto-RSS@main/Foto-Directus-Watermark/koleso_zubchatoe_1m63b.70.169.jpg","https://raw.githubusercontent.com/411231185-cmd/Foto-RSS/main/Foto-Directus-Watermark/koleso_zubchatoe_1m63b.70.169.jpg",""
"Колесо зубчатое 1м63Б.70.169 .jpg","koleso_zubchatoe_1m63b.70.169_2.jpg","https://cdn.jsdelivr.net/gh/411231185-cmd/Foto-RSS@main/Foto-Directus-Watermark/koleso_zubchatoe_1m63b.70.169_2.jpg","https://raw.githubusercontent.com/411231185-cmd/Foto-RSS/main/Foto-Directus-Watermark/koleso_zubchatoe_1m63b.70.169_2.jpg","Yes"
"Колесо зубчатое 1м63Б.70.169.jpg","koleso_zubchatoe_1m63b.70.169_3.jpg","https://cdn.jsdelivr.net/gh/411231185-cmd/Foto-RSS@main/Foto-Directus-Watermark/koleso_zubchatoe_1m63b.70.169_3.jpg","https://raw.githubusercontent.com/411231185-cmd/Foto-RSS/main/Foto-Directus-Watermark/koleso_zubchatoe_1m63b.70.169_3.jpg","Yes"
"Колесо зубчатое 1м63Б.70.180  .jpg","koleso_zubchatoe_1m63b.70.180.jpg","https://cdn.jsdelivr.net/gh/411231185-cmd/Foto-RSS@main/Foto-Directus-Watermark/koleso_zubchatoe_1m63b.70.180.jpg","https://raw.githubusercontent.com/411231185-cmd/Foto-RSS/main/Foto-Directus-Watermark/koleso_zubchatoe_1m63b.70.180.jpg",""
"Колесо зубчатое 1м63Б.70.180 .jpg","koleso_zubchatoe_1m63b.70.180_2.jpg","https://cdn.jsdelivr.net/gh/411231185-cmd/Foto-RSS@main/Foto-Directus-Watermark/koleso_zubchatoe_1m63b.70.180_2.jpg","https://raw.githubusercontent.com/411231185-cmd/Foto-RSS/main/Foto-Directus-Watermark/koleso_zubchatoe_1m63b.70.180_2.jpg","Yes"
"Колесо зубчатое 1м63Б.70.180.jpg","koleso_zubchatoe_1m63b.70.180_3.jpg","https://cdn.jsdelivr.net/gh/411231185-cmd/Foto-RSS@main/Foto-Directus-Watermark/koleso_zubchatoe_1m63b.70.180_3.jpg","https://raw.githubusercontent.com/411231185-cmd/Foto-RSS/main/Foto-Directus-Watermark/koleso_zubchatoe_1m63b.70.180_3.jpg","Yes"
"Колесо зубчатое 1м63Б.70.223  .jpg","koleso_zubchatoe_1m63b.70.223.jpg","https://cdn.jsdelivr.net/gh/411231185-cmd/Foto-RSS@main/Foto-Directus-Watermark/koleso_zubchatoe_1m63b.70.223.jpg","https://raw.githubusercontent.com/411231185-cmd/Foto-RSS/main/Foto-Directus-Watermark/koleso_zubchatoe_1m63b.70.223.jpg",""
"Колесо зубчатое 1м63Б.70.223 .jpg","koleso_zubchatoe_1m63b.70.223_2.jpg","https://cdn.jsdelivr.net/gh/411231185-cmd/Foto-RSS@main/Foto-Directus-Watermark/koleso_zubchatoe_1m63b.70.223_2.jpg","https://raw.githubusercontent.com/411231185-cmd/Foto-RSS/main/Foto-Directus-Watermark/koleso_zubchatoe_1m63b.70.223_2.jpg","Yes"
"Колесо зубчатое 1м63Б.70.223.jpg","koleso_zubchatoe_1m63b.70.223_3.jpg","https://cdn.jsdelivr.net/gh/411231185-cmd/Foto-RSS@main/Foto-Directus-Watermark/koleso_zubchatoe_1m63b.70.223_3.jpg","https://raw.githubusercontent.com/411231185-cmd/Foto-RSS/main/Foto-Directus-Watermark/koleso_zubchatoe_1m63b.70.223_3.jpg","Yes"
"Колесо зубчатое 1м63Б.70.226  .jpg","koleso_zubchatoe_1m63b.70.226.jpg","https://cdn.jsdelivr.net/gh/411231185-cmd/Foto-RSS@main/Foto-Directus-Watermark/koleso_zubchatoe_1m63b.70.226.jpg","https://raw.githubusercontent.com/411231185-cmd/Foto-RSS/main/Foto-Directus-Watermark/koleso_zubchatoe_1m63b.70.226.jpg",""
"Колесо зубчатое 1м63Б.70.226 .jpg","koleso_zubchatoe_1m63b.70.226_2.jpg","https://cdn.jsdelivr.net/gh/411231185-cmd/Foto-RSS@main/Foto-Directus-Watermark/koleso_zubchatoe_1m63b.70.226_2.jpg","https://raw.githubusercontent.com/411231185-cmd/Foto-RSS/main/Foto-Directus-Watermark/koleso_zubchatoe_1m63b.70.226_2.jpg","Yes"
"Колесо зубчатое 1м63Б.70.226.jpg","koleso_zubchatoe_1m63b.70.226_3.jpg","https://cdn.jsdelivr.net/gh/411231185-cmd/Foto-RSS@main/Foto-Directus-Watermark/koleso_zubchatoe_1m63b.70.226_3.jpg","https://raw.githubusercontent.com/411231185-cmd/Foto-RSS/main/Foto-Directus-Watermark/koleso_zubchatoe_1m63b.70.226_3.jpg","Yes"
"Колесо зубчатое 1м63Б.70.228  .jpg","koleso_zubchatoe_1m63b.70.228.jpg","https://cdn.jsdelivr.net/gh/411231185-cmd/Foto-RSS@main/Foto-Directus-Watermark/koleso_zubchatoe_1m63b.70.228.jpg","https://raw.githubusercontent.com/411231185-cmd/Foto-RSS/main/Foto-Directus-Watermark/koleso_zubchatoe_1m63b.70.228.jpg",""
"Колесо зубчатое 1м63Б.70.228 .jpg","koleso_zubchatoe_1m63b.70.228_2.jpg","https://cdn.jsdelivr.net/gh/411231185-cmd/Foto-RSS@main/Foto-Directus-Watermark/koleso_zubchatoe_1m63b.70.228_2.jpg","https://raw.githubusercontent.com/411231185-cmd/Foto-RSS/main/Foto-Directus-Watermark/koleso_zubchatoe_1m63b.70.228_2.jpg","Yes"
"Колесо зубчатое 1м63Б.70.228.jpg","koleso_zubchatoe_1m63b.70.228_3.jpg","https://cdn.jsdelivr.net/gh/411231185-cmd/Foto-RSS@main/Foto-Directus-Watermark/koleso_zubchatoe_1m63b.70.228_3.jpg","https://raw.githubusercontent.com/411231185-cmd/Foto-RSS/main/Foto-Directus-Watermark/koleso_zubchatoe_1m63b.70.228_3.jpg","Yes"
"Маточная гайка 1Н983.60.110    .jpg","matochnaya_gayka_1n983.60.110.jpg","https://cdn.jsdelivr.net/gh/411231185-cmd/Foto-RSS@main/Foto-Directus-Watermark/matochnaya_gayka_1n983.60.110.jpg","https://raw.githubusercontent.com/411231185-cmd/Foto-RSS/main/Foto-Directus-Watermark/matochnaya_gayka_1n983.60.110.jpg",""
"Маточная гайка 1Н983.60.110   .jpg","matochnaya_gayka_1n983.60.110_2.jpg","https://cdn.jsdelivr.net/gh/411231185-cmd/Foto-RSS@main/Foto-Directus-Watermark/matochnaya_gayka_1n983.60.110_2.jpg","https://raw.githubusercontent.com/411231185-cmd/Foto-RSS/main/Foto-Directus-Watermark/matochnaya_gayka_1n983.60.110_2.jpg","Yes"
"Маточная гайка 1Н983.60.110  .jpg","matochnaya_gayka_1n983.60.110_3.jpg","https://cdn.jsdelivr.net/gh/411231185-cmd/Foto-RSS@main/Foto-Directus-Watermark/matochnaya_gayka_1n983.60.110_3.jpg","https://raw.githubusercontent.com/411231185-cmd/Foto-RSS/main/Foto-Directus-Watermark/matochnaya_gayka_1n983.60.110_3.jpg","Yes"
"Маточная гайка 1Н983.60.110 .jpg","matochnaya_gayka_1n983.60.110_4.jpg","https://cdn.jsdelivr.net/gh/411231185-cmd/Foto-RSS@main/Foto-Directus-Watermark/matochnaya_gayka_1n983.60.110_4.jpg","https://raw.githubusercontent.com/411231185-cmd/Foto-RSS/main/Foto-Directus-Watermark/matochnaya_gayka_1n983.60.110_4.jpg","Yes"
"Муфта обгонная 1H65.60.900   .jpg","mufta_obgonnaya_1h65.60.900.jpg","https://cdn.jsdelivr.net/gh/411231185-cmd/Foto-RSS@main/Foto-Directus-Watermark/mufta_obgonnaya_1h65.60.900.jpg","https://raw.githubusercontent.com/411231185-cmd/Foto-RSS/main/Foto-Directus-Watermark/mufta_obgonnaya_1h65.60.900.jpg",""
"Муфта обгонная 1H65.60.900  .jpg","mufta_obgonnaya_1h65.60.900_2.jpg","https://cdn.jsdelivr.net/gh/411231185-cmd/Foto-RSS@main/Foto-Directus-Watermark/mufta_obgonnaya_1h65.60.900_2.jpg","https://raw.githubusercontent.com/411231185-cmd/Foto-RSS/main/Foto-Directus-Watermark/mufta_obgonnaya_1h65.60.900_2.jpg","Yes"
"Муфта обгонная 1H65.60.900 .jpg","mufta_obgonnaya_1h65.60.900_3.jpg","https://cdn.jsdelivr.net/gh/411231185-cmd/Foto-RSS@main/Foto-Directus-Watermark/mufta_obgonnaya_1h65.60.900_3.jpg","https://raw.githubusercontent.com/411231185-cmd/Foto-RSS/main/Foto-Directus-Watermark/mufta_obgonnaya_1h65.60.900_3.jpg","Yes"
"Муфта обгонная 1H65.60.900.jpg","mufta_obgonnaya_1h65.60.900_4.jpg","https://cdn.jsdelivr.net/gh/411231185-cmd/Foto-RSS@main/Foto-Directus-Watermark/mufta_obgonnaya_1h65.60.900_4.jpg","https://raw.githubusercontent.com/411231185-cmd/Foto-RSS/main/Foto-Directus-Watermark/mufta_obgonnaya_1h65.60.900_4.jpg","Yes"
"Ползушка 1Н983.40.022.jpg","polzushka_1n983.40.022.jpg","https://cdn.jsdelivr.net/gh/411231185-cmd/Foto-RSS@main/Foto-Directus-Watermark/polzushka_1n983.40.022.jpg","https://raw.githubusercontent.com/411231185-cmd/Foto-RSS/main/Foto-Directus-Watermark/polzushka_1n983.40.022.jpg",""
"Револьверная головка - 16К30Ф3.40.000 .jpg","revolvernaya_golovka_-_16k30f3.40.000.jpg","https://cdn.jsdelivr.net/gh/411231185-cmd/Foto-RSS@main/Foto-Directus-Watermark/revolvernaya_golovka_-_16k30f3.40.000.jpg","https://raw.githubusercontent.com/411231185-cmd/Foto-RSS/main/Foto-Directus-Watermark/revolvernaya_golovka_-_16k30f3.40.000.jpg",""
"Револьверная головка - 16К30Ф3.40.000.jpg","revolvernaya_golovka_-_16k30f3.40.000_2.jpg","https://cdn.jsdelivr.net/gh/411231185-cmd/Foto-RSS@main/Foto-Directus-Watermark/revolvernaya_golovka_-_16k30f3.40.000_2.jpg","https://raw.githubusercontent.com/411231185-cmd/Foto-RSS/main/Foto-Directus-Watermark/revolvernaya_golovka_-_16k30f3.40.000_2.jpg","Yes"
"Револьверная головка - 16М30Ф3.40.000  .jpg","revolvernaya_golovka_-_16m30f3.40.000.jpg","https://cdn.jsdelivr.net/gh/411231185-cmd/Foto-RSS@main/Foto-Directus-Watermark/revolvernaya_golovka_-_16m30f3.40.000.jpg","https://raw.githubusercontent.com/411231185-cmd/Foto-RSS/main/Foto-Directus-Watermark/revolvernaya_golovka_-_16m30f3.40.000.jpg",""
"Револьверная головка - 16М30Ф3.40.000 .jpg","revolvernaya_golovka_-_16m30f3.40.000_2.jpg","https://cdn.jsdelivr.net/gh/411231185-cmd/Foto-RSS@main/Foto-Directus-Watermark/revolvernaya_golovka_-_16m30f3.40.000_2.jpg","https://raw.githubusercontent.com/411231185-cmd/Foto-RSS/main/Foto-Directus-Watermark/revolvernaya_golovka_-_16m30f3.40.000_2.jpg","Yes"
"Револьверная головка - 16М30Ф3.40.000.jpg","revolvernaya_golovka_-_16m30f3.40.000_3.jpg","https://cdn.jsdelivr.net/gh/411231185-cmd/Foto-RSS@main/Foto-Directus-Watermark/revolvernaya_golovka_-_16m30f3.40.000_3.jpg","https://raw.githubusercontent.com/411231185-cmd/Foto-RSS/main/Foto-Directus-Watermark/revolvernaya_golovka_-_16m30f3.40.000_3.jpg","Yes"
"Ролик КЖ 1840.02.001.016     .jpg","rolik_kzh_1840.02.001.016.jpg","https://cdn.jsdelivr.net/gh/411231185-cmd/Foto-RSS@main/Foto-Directus-Watermark/rolik_kzh_1840.02.001.016.jpg","https://raw.githubusercontent.com/411231185-cmd/Foto-RSS/main/Foto-Directus-Watermark/rolik_kzh_1840.02.001.016.jpg",""
"Ролик КЖ 1840.02.001.016    .jpg","rolik_kzh_1840.02.001.016_2.jpg","https://cdn.jsdelivr.net/gh/411231185-cmd/Foto-RSS@main/Foto-Directus-Watermark/rolik_kzh_1840.02.001.016_2.jpg","https://raw.githubusercontent.com/411231185-cmd/Foto-RSS/main/Foto-Directus-Watermark/rolik_kzh_1840.02.001.016_2.jpg","Yes"
"Ролик КЖ 1840.02.001.016   .jpg","rolik_kzh_1840.02.001.016_3.jpg","https://cdn.jsdelivr.net/gh/411231185-cmd/Foto-RSS@main/Foto-Directus-Watermark/rolik_kzh_1840.02.001.016_3.jpg","https://raw.githubusercontent.com/411231185-cmd/Foto-RSS/main/Foto-Directus-Watermark/rolik_kzh_1840.02.001.016_3.jpg","Yes"
"Ролик КЖ 1840.02.001.016  .jpg","rolik_kzh_1840.02.001.016_4.jpg","https://cdn.jsdelivr.net/gh/411231185-cmd/Foto-RSS@main/Foto-Directus-Watermark/rolik_kzh_1840.02.001.016_4.jpg","https://raw.githubusercontent.com/411231185-cmd/Foto-RSS/main/Foto-Directus-Watermark/rolik_kzh_1840.02.001.016_4.jpg","Yes"
"Ролик КЖ 1840.02.001.016 .jpg","rolik_kzh_1840.02.001.016_5.jpg","https://cdn.jsdelivr.net/gh/411231185-cmd/Foto-RSS@main/Foto-Directus-Watermark/rolik_kzh_1840.02.001.016_5.jpg","https://raw.githubusercontent.com/411231185-cmd/Foto-RSS/main/Foto-Directus-Watermark/rolik_kzh_1840.02.001.016_5.jpg","Yes"
"Ролик КЖ 1840.02.001.016.jpg","rolik_kzh_1840.02.001.016_6.jpg","https://cdn.jsdelivr.net/gh/411231185-cmd/Foto-RSS@main/Foto-Directus-Watermark/rolik_kzh_1840.02.001.016_6.jpg","https://raw.githubusercontent.com/411231185-cmd/Foto-RSS/main/Foto-Directus-Watermark/rolik_kzh_1840.02.001.016_6.jpg","Yes"
"Ролик КЖ1842.02.001.025   .jpg","rolik_kzh1842.02.001.025.jpg","https://cdn.jsdelivr.net/gh/411231185-cmd/Foto-RSS@main/Foto-Directus-Watermark/rolik_kzh1842.02.001.025.jpg","https://raw.githubusercontent.com/411231185-cmd/Foto-RSS/main/Foto-Directus-Watermark/rolik_kzh1842.02.001.025.jpg",""
"Ролик КЖ1842.02.001.025  .jpg","rolik_kzh1842.02.001.025_2.jpg","https://cdn.jsdelivr.net/gh/411231185-cmd/Foto-RSS@main/Foto-Directus-Watermark/rolik_kzh1842.02.001.025_2.jpg","https://raw.githubusercontent.com/411231185-cmd/Foto-RSS/main/Foto-Directus-Watermark/rolik_kzh1842.02.001.025_2.jpg","Yes"
"Ролик КЖ1842.02.001.025 .jpg","rolik_kzh1842.02.001.025_3.jpg","https://cdn.jsdelivr.net/gh/411231185-cmd/Foto-RSS@main/Foto-Directus-Watermark/rolik_kzh1842.02.001.025_3.jpg","https://raw.githubusercontent.com/411231185-cmd/Foto-RSS/main/Foto-Directus-Watermark/rolik_kzh1842.02.001.025_3.jpg","Yes"
"Ролик КЖ1842.02.001.025.jpg","rolik_kzh1842.02.001.025_4.jpg","https://cdn.jsdelivr.net/gh/411231185-cmd/Foto-RSS@main/Foto-Directus-Watermark/rolik_kzh1842.02.001.025_4.jpg","https://raw.githubusercontent.com/411231185-cmd/Foto-RSS/main/Foto-Directus-Watermark/rolik_kzh1842.02.001.025_4.jpg","Yes"
"Ролики для люнета  .jpg","roliki_dlya_lyuneta.jpg","https://cdn.jsdelivr.net/gh/411231185-cmd/Foto-RSS@main/Foto-Directus-Watermark/roliki_dlya_lyuneta.jpg","https://raw.githubusercontent.com/411231185-cmd/Foto-RSS/main/Foto-Directus-Watermark/roliki_dlya_lyuneta.jpg",""
"Ролики для люнета .jpg","roliki_dlya_lyuneta_2.jpg","https://cdn.jsdelivr.net/gh/411231185-cmd/Foto-RSS@main/Foto-Directus-Watermark/roliki_dlya_lyuneta_2.jpg","https://raw.githubusercontent.com/411231185-cmd/Foto-RSS/main/Foto-Directus-Watermark/roliki_dlya_lyuneta_2.jpg","Yes"
"Ролики для люнета.jpg","roliki_dlya_lyuneta_3.jpg","https://cdn.jsdelivr.net/gh/411231185-cmd/Foto-RSS@main/Foto-Directus-Watermark/roliki_dlya_lyuneta_3.jpg","https://raw.githubusercontent.com/411231185-cmd/Foto-RSS/main/Foto-Directus-Watermark/roliki_dlya_lyuneta_3.jpg","Yes"
"Ролики полиуретановые к напольному люнету са983с10ф3  .jpg","roliki_poliuretanovye_k_napolnomu_lyunetu_sa983s10f3.jpg","https://cdn.jsdelivr.net/gh/411231185-cmd/Foto-RSS@main/Foto-Directus-Watermark/roliki_poliuretanovye_k_napolnomu_lyunetu_sa983s10f3.jpg","https://raw.githubusercontent.com/411231185-cmd/Foto-RSS/main/Foto-Directus-Watermark/roliki_poliuretanovye_k_napolnomu_lyunetu_sa983s10f3.jpg",""
"Ролики полиуретановые к напольному люнету са983с10ф3 .jpg","roliki_poliuretanovye_k_napolnomu_lyunetu_sa983s10f3_2.jpg","https://cdn.jsdelivr.net/gh/411231185-cmd/Foto-RSS@main/Foto-Directus-Watermark/roliki_poliuretanovye_k_napolnomu_lyunetu_sa983s10f3_2.jpg","https://raw.githubusercontent.com/411231185-cmd/Foto-RSS/main/Foto-Directus-Watermark/roliki_poliuretanovye_k_napolnomu_lyunetu_sa983s10f3_2.jpg","Yes"
"Ролики полиуретановые к напольному люнету са983с10ф3.jpg","roliki_poliuretanovye_k_napolnomu_lyunetu_sa983s10f3_3.jpg","https://cdn.jsdelivr.net/gh/411231185-cmd/Foto-RSS@main/Foto-Directus-Watermark/roliki_poliuretanovye_k_napolnomu_lyunetu_sa983s10f3_3.jpg","https://raw.githubusercontent.com/411231185-cmd/Foto-RSS/main/Foto-Directus-Watermark/roliki_poliuretanovye_k_napolnomu_lyunetu_sa983s10f3_3.jpg","Yes"
"Центр Ф100мм  .jpg","tsentr_f100mm.jpg","https://cdn.jsdelivr.net/gh/411231185-cmd/Foto-RSS@main/Foto-Directus-Watermark/tsentr_f100mm.jpg","https://raw.githubusercontent.com/411231185-cmd/Foto-RSS/main/Foto-Directus-Watermark/tsentr_f100mm.jpg",""
"Центр Ф100мм .jpg","tsentr_f100mm_2.jpg","https://cdn.jsdelivr.net/gh/411231185-cmd/Foto-RSS@main/Foto-Directus-Watermark/tsentr_f100mm_2.jpg","https://raw.githubusercontent.com/411231185-cmd/Foto-RSS/main/Foto-Directus-Watermark/tsentr_f100mm_2.jpg","Yes"
"Центр Ф100мм.jpg","tsentr_f100mm_3.jpg","https://cdn.jsdelivr.net/gh/411231185-cmd/Foto-RSS@main/Foto-Directus-Watermark/tsentr_f100mm_3.jpg","https://raw.githubusercontent.com/411231185-cmd/Foto-RSS/main/Foto-Directus-Watermark/tsentr_f100mm_3.jpg","Yes"
"Центр и переходная втулка Ф100.jpg","tsentr_i_perekhodnaya_vtulka_f100.jpg","https://cdn.jsdelivr.net/gh/411231185-cmd/Foto-RSS@main/Foto-Directus-Watermark/tsentr_i_perekhodnaya_vtulka_f100.jpg","https://raw.githubusercontent.com/411231185-cmd/Foto-RSS/main/Foto-Directus-Watermark/tsentr_i_perekhodnaya_vtulka_f100.jpg",""
"Центр и переходная втулкатФ100.jpg","tsentr_i_perekhodnaya_vtulkatf100.jpg","https://cdn.jsdelivr.net/gh/411231185-cmd/Foto-RSS@main/Foto-Directus-Watermark/tsentr_i_perekhodnaya_vtulkatf100.jpg","https://raw.githubusercontent.com/411231185-cmd/Foto-RSS/main/Foto-Directus-Watermark/tsentr_i_perekhodnaya_vtulkatf100.jpg",""
"ШВП-0.jpg","shvp-0.jpg","https://cdn.jsdelivr.net/gh/411231185-cmd/Foto-RSS@main/Foto-Directus-Watermark/shvp-0.jpg","https://raw.githubusercontent.com/411231185-cmd/Foto-RSS/main/Foto-Directus-Watermark/shvp-0.jpg",""
"ШВП-1.jpg","shvp-1.jpg","https://cdn.jsdelivr.net/gh/411231185-cmd/Foto-RSS@main/Foto-Directus-Watermark/shvp-1.jpg","https://raw.githubusercontent.com/411231185-cmd/Foto-RSS/main/Foto-Directus-Watermark/shvp-1.jpg",""
"ШВП-2.jpg","shvp-2.jpg","https://cdn.jsdelivr.net/gh/411231185-cmd/Foto-RSS@main/Foto-Directus-Watermark/shvp-2.jpg","https://raw.githubusercontent.com/411231185-cmd/Foto-RSS/main/Foto-Directus-Watermark/shvp-2.jpg",""
"ШВП-3.jpg","shvp-3.jpg","https://cdn.jsdelivr.net/gh/411231185-cmd/Foto-RSS@main/Foto-Directus-Watermark/shvp-3.jpg","https://raw.githubusercontent.com/411231185-cmd/Foto-RSS/main/Foto-Directus-Watermark/shvp-3.jpg",""
"ШВП-гайки.jpg","shvp-gayki.jpg","https://cdn.jsdelivr.net/gh/411231185-cmd/Foto-RSS@main/Foto-Directus-Watermark/shvp-gayki.jpg","https://raw.githubusercontent.com/411231185-cmd/Foto-RSS/main/Foto-Directus-Watermark/shvp-gayki.jpg",""
"Шестерня - 21Н983.20.160.jpg","shesternya_-_21n983.20.160.jpg","https://cdn.jsdelivr.net/gh/411231185-cmd/Foto-RSS@main/Foto-Directus-Watermark/shesternya_-_21n983.20.160.jpg","https://raw.githubusercontent.com/411231185-cmd/Foto-RSS/main/Foto-Directus-Watermark/shesternya_-_21n983.20.160.jpg",""
"Шестерня 1Н983.20.160  .jpg","shesternya_1n983.20.160.jpg","https://cdn.jsdelivr.net/gh/411231185-cmd/Foto-RSS@main/Foto-Directus-Watermark/shesternya_1n983.20.160.jpg","https://raw.githubusercontent.com/411231185-cmd/Foto-RSS/main/Foto-Directus-Watermark/shesternya_1n983.20.160.jpg",""
"Шестерня 1Н983.20.160 .jpg","shesternya_1n983.20.160_2.jpg","https://cdn.jsdelivr.net/gh/411231185-cmd/Foto-RSS@main/Foto-Directus-Watermark/shesternya_1n983.20.160_2.jpg","https://raw.githubusercontent.com/411231185-cmd/Foto-RSS/main/Foto-Directus-Watermark/shesternya_1n983.20.160_2.jpg","Yes"
"Шестерня 1Н983.20.160.jpg","shesternya_1n983.20.160_3.jpg","https://cdn.jsdelivr.net/gh/411231185-cmd/Foto-RSS@main/Foto-Directus-Watermark/shesternya_1n983.20.160_3.jpg","https://raw.githubusercontent.com/411231185-cmd/Foto-RSS/main/Foto-Directus-Watermark/shesternya_1n983.20.160_3.jpg","Yes"
"Шестерня 1Н983.20.293  .jpg","shesternya_1n983.20.293.jpg","https://cdn.jsdelivr.net/gh/411231185-cmd/Foto-RSS@main/Foto-Directus-Watermark/shesternya_1n983.20.293.jpg","https://raw.githubusercontent.com/411231185-cmd/Foto-RSS/main/Foto-Directus-Watermark/shesternya_1n983.20.293.jpg",""
"Шестерня 1Н983.20.293 .jpg","shesternya_1n983.20.293_2.jpg","https://cdn.jsdelivr.net/gh/411231185-cmd/Foto-RSS@main/Foto-Directus-Watermark/shesternya_1n983.20.293_2.jpg","https://raw.githubusercontent.com/411231185-cmd/Foto-RSS/main/Foto-Directus-Watermark/shesternya_1n983.20.293_2.jpg","Yes"
"Шестерня 1Н983.20.293.jpg","shesternya_1n983.20.293_3.jpg","https://cdn.jsdelivr.net/gh/411231185-cmd/Foto-RSS@main/Foto-Directus-Watermark/shesternya_1n983.20.293_3.jpg","https://raw.githubusercontent.com/411231185-cmd/Foto-RSS/main/Foto-Directus-Watermark/shesternya_1n983.20.293_3.jpg","Yes"
"Шпиндель1- 1658.03.198.jpg","shpindel1-_1658.03.198.jpg","https://cdn.jsdelivr.net/gh/411231185-cmd/Foto-RSS@main/Foto-Directus-Watermark/shpindel1-_1658.03.198.jpg","https://raw.githubusercontent.com/411231185-cmd/Foto-RSS/main/Foto-Directus-Watermark/shpindel1-_1658.03.198.jpg",""
"Шпиндель2- 1658.03.198.jpg","shpindel2-_1658.03.198.jpg","https://cdn.jsdelivr.net/gh/411231185-cmd/Foto-RSS@main/Foto-Directus-Watermark/shpindel2-_1658.03.198.jpg","https://raw.githubusercontent.com/411231185-cmd/Foto-RSS/main/Foto-Directus-Watermark/shpindel2-_1658.03.198.jpg",""
